input_title,found,matched_title,title_similarity,journal,year,doi,pmid,pmcid,source,europepmc_id,abstract_text,crossref_title,crossref_journal,crossref_doi,crossref_year,crossref_found,crossref_similarity,final_title,final_journal,final_year,final_doi
Long-Term Training with a Brain-Machine Interface-Based Gait Protocol Induces Partial Neurological Recovery in Paraplegic Patients,TRUE,Long-term Training With a Brain-Machine Interface-Based Gait Protocol Induces Partial Neurological Recovery in Paraplegic Patients.,1,,2016,10.1227/01.neu.0000508601.15824.39,27861407,,MED,27861407,,Long-Term Training with a Brain-Machine Interface-Based Gait Protocol Induces Partial Neurological Recovery in Paraplegic Patients,Scientific Reports,10.1038/srep30383,2016,TRUE,1,Long-term Training With a Brain-Machine Interface-Based Gait Protocol Induces Partial Neurological Recovery in Paraplegic Patients.,Scientific Reports,2016,10.1227/01.neu.0000508601.15824.39
"Training with brain-machine interfaces, visuo-tactile feedback and assisted locomotion improves sensorimotor, visceral, and psychological signs in chronic paraplegic patients",TRUE,"Training with brain-machine interfaces, visuo-tactile feedback and assisted locomotion improves sensorimotor, visceral, and psychological signs in chronic paraplegic patients.",1,,2018,10.1371/journal.pone.0206464,30496189,PMC6264837,MED,30496189,"Spinal cord injury (SCI) induces severe deficiencies in sensory-motor and autonomic functions and has a significant negative impact on patients' quality of life. There is currently no systematic rehabilitation technique assuring recovery of the neurological impairments caused by a complete SCI. Here, we report significant clinical improvement in a group of seven chronic SCI patients (six AIS A, one AIS B) following a 28-month, multi-step protocol that combined training with non-invasive brain-machine interfaces, visuo-tactile feedback and assisted locomotion. All patients recovered significant levels of nociceptive sensation below their original SCI (up to 16 dermatomes, average 11 dermatomes), voluntary motor functions (lower-limbs muscle contractions plus multi-joint movements) and partial sensory function for several modalities (proprioception, tactile, pressure, vibration). Patients also recovered partial intestinal, urinary and sexual functions. By the end of the protocol, all patients had their AIS classification upgraded (six from AIS A to C, one from B to C). These improvements translated into significant changes in the patients' quality of life as measured by standardized psychological instruments. Reexamination of one patient that discontinued the protocol after 12 months of training showed that the 16-month break resulted in neurological stagnation and no reclassification. We suggest that our neurorehabilitation protocol, based uniquely on non-invasive technology (therefore necessitating no surgical operation), can become a promising therapy for patients diagnosed with severe paraplegia (AIS A, B), even at the chronic phase of their lesion.","Training with brain-machine interfaces, visuo-tactile feedback and assisted locomotion improves sensorimotor, visceral, and psychological signs in chronic paraplegic patients",PLOS ONE,10.1371/journal.pone.0206464,2018,TRUE,1,"Training with brain-machine interfaces, visuo-tactile feedback and assisted locomotion improves sensorimotor, visceral, and psychological signs in chronic paraplegic patients.",PLOS ONE,2018,10.1371/journal.pone.0206464
Surface EEG-Transcranial Direct Current Stimulation (tDCS) Closed-Loop System,TRUE,Surface EEG-Transcranial Direct Current Stimulation (tDCS) Closed-Loop System.,1,,2017,10.1142/s0129065717500265,28587498,PMC5527347,MED,28587498,"Conventional transcranial direct current stimulation (tDCS) protocols rely on applying electrical current at a fixed intensity and duration without using surrogate markers to direct the interventions. This has led to some mixed results; especially because tDCS induced effects may vary depending on the ongoing level of brain activity. Therefore, the objective of this preliminary study was to assess the feasibility of an EEG-triggered tDCS system based on EEG online analysis of its frequency bands. Six healthy volunteers were randomized to participate in a double-blind sham-controlled crossover design to receive a single session of 10[Formula: see text]min 2[Formula: see text]mA cathodal and sham tDCS. tDCS trigger controller was based upon an algorithm designed to detect an increase in the relative beta power of more than 200%, accompanied by a decrease of 50% or more in the relative alpha power, based on baseline EEG recordings. EEG-tDCS closed-loop-system was able to detect the predefined EEG magnitude deviation and successfully triggered the stimulation in all participants. This preliminary study represents a proof-of-concept for the development of an EEG-tDCS closed-loop system in humans. We discuss and review here different methods of closed loop system that can be considered and potential clinical applications of such system.",Surface EEG-Transcranial Direct Current Stimulation (tDCS) Closed-Loop System,International Journal of Neural Systems,10.1142/s0129065717500265,2017,TRUE,1,Surface EEG-Transcranial Direct Current Stimulation (tDCS) Closed-Loop System.,International Journal of Neural Systems,2017,10.1142/s0129065717500265
Enhancing classification of a large lower-limb motor imagery EEG dataset for BCI in knee pain patients,TRUE,Enhancing classification of a large lower-limb motor imagery EEG dataset for BCI in knee pain patients.,1,,2025,10.1038/s41597-025-05767-2,40835615,PMC12368069,MED,40835615,"Chronic knee osteoarthritis pain significantly impacts patients' quality of life and motor function. While motor imagery (MI)-based brain-computer interface (BCI) systems have shown promise in rehabilitation, their application to lower-limb conditions, particularly in pain patients, is underexplored. This study evaluates the feasibility of applying an MI-BCI model to a large dataset of knee pain patients, utilizing a novel deep learning algorithm for signal decoding. This EEG data was collected and analysed from 30 knee pain patients, revealing significant event-related (de)synchronization (ERD/ERS) during MI tasks. Traditional decoding algorithms achieved accuracies of 51.43%, 55.71%, and 76.21%, while the proposed OTFWRGD algorithm reached an average accuracy of 86.41%. This dataset highlights the potential of lower-limb MI in enhancing neural plasticity and offers valuable insights for future MI-BCI applications in lower-limb rehabilitation, especially for patients with knee pain.",Enhancing classification of a large lower-limb motor imagery EEG dataset for BCI in knee pain patients,Scientific Data,10.1038/s41597-025-05767-2,2025,TRUE,1,Enhancing classification of a large lower-limb motor imagery EEG dataset for BCI in knee pain patients.,Scientific Data,2025,10.1038/s41597-025-05767-2
"The Promoter, a brain-computer interface-assisted intervention to promote upper limb functional motor recovery after stroke",TRUE,"Recommendations for Combining Brain-Computer Interface, Motor Imagery, and Virtual Reality in Upper Limb Stroke Rehabilitation: Qualitative Participatory Design Study.",1,,2025,10.2196/71789,41092418,PMC12527325,MED,41092418,"<h4>Background</h4>The high incidence and prevalence of upper limb impairment post stroke highlights the need for advancements in rehabilitation. Brain-computer interfaces (BCIs) represent a promising technology by directly training the central nervous system. The integration of motor imagery (MI) and motor observation through virtual reality (VR) using BCIs provides valuable opportunities for rehabilitation. However, the diversity in intervention designs demonstrates the lack of guiding recommendations integrating neurorehabilitation principles for BCIs.<h4>Objective</h4>This study aims to develop recommendations for BCI interventions using task specificity and ecological validity through simulated VR tasks for upper limb stroke survivors by gathering tacit knowledge from neurorehabilitation experts, patients' experiences, and engineers' expertise to ensure a comprehensive approach.<h4>Methods</h4>A multiperspective qualitative study was conducted through collaborative design workshops involving stroke survivors (n=17), neurorehabilitation experts (n=13), and biomedical engineers (n=3), totaling 33 participants. This innovative approach aimed to actively engage stakeholders in developing multifaceted solutions for complex health interventions.<h4>Results</h4>Six themes emerged from the thematic analysis: (1) importance of patient-centered approach, (2) clinical evaluation and patient selection, (3) recommendations for task design, (4) guidelines for structuring BCI intervention, (5) key factors influencing motivation, and (6) technology features. From these themes, the following recommendations (R) are established: (R1) MI-based VR-BCI interventions must be conducted through a patient-centered approach, based on individualized preferences, needs, and goals of the user, by an interdisciplinary team; (R2) selection criteria must include upper limb impairment, cognitive and communication assessment, and clinical traits, such as MI capacity, neglect, and depression must be assessed since they might influence intervention outcomes; (R3) tasks to perform should preferably be based on daily living activities, including unilateral and bilateral tasks, and a variety of tasks must be available for selection to ensure meaningfulness for the user and suitability to clinical traits; (R4) intervention must be structured by different progressing levels starting with simple, gross movements and adding complexity through additional movement features, cognitive demand, or MI difficulty; (R5) optimal levels of motivation must be sustained through task variability, gamification elements, and task demand adequacy; and (R6) multisensorial potential of MI-based VR-BCI must be effectively harnessed through the adequate adjustment of visual, haptic, and proprioceptive feedback modalities to the patient.<h4>Conclusions</h4>Current results contribute to establishing clear guidelines on patient selection, task design, intervention structuring, motivation factors, and tailoring of sensory feedback. This framework presents a foundation for optimal implementation of VR-BCI-based interventions that associate MI and motor observation, optimizing cortical activity during the intervention, patients' engagement, and clinical outcomes. Future research should explore the application of these guidelines for validation and investigate BCIs' efficacy according to different combinations of patients' profiles, task characteristics, and technology features.",Brain–computer interfaces to promote upper limb functional motor recovery after stroke,Advances in Technology-Assisted Neurorehabilitation,10.1016/b978-0-12-819877-3.00001-9,2025,TRUE,0.7407866310840006,"Recommendations for Combining Brain-Computer Interface, Motor Imagery, and Virtual Reality in Upper Limb Stroke Rehabilitation: Qualitative Participatory Design Study.",Advances in Technology-Assisted Neurorehabilitation,2025,10.2196/71789
Brain-computer interface-based robotic end effector system for wrist and hand rehabilitation: Results of a three-armed randomized controlled trial for chronic stroke,TRUE,Brain-computer interface-based robotic end effector system for wrist and hand rehabilitation: results of a three-armed randomized controlled trial for chronic stroke.,1,,2014,10.3389/fneng.2014.00030,25120465,PMC4114185,MED,25120465,"The objective of this study was to investigate the efficacy of an Electroencephalography (EEG)-based Motor Imagery (MI) Brain-Computer Interface (BCI) coupled with a Haptic Knob (HK) robot for arm rehabilitation in stroke patients. In this three-arm, single-blind, randomized controlled trial; 21 chronic hemiplegic stroke patients (Fugl-Meyer Motor Assessment (FMMA) score 10-50), recruited after pre-screening for MI BCI ability, were randomly allocated to BCI-HK, HK or Standard Arm Therapy (SAT) groups. All groups received 18 sessions of intervention over 6 weeks, 3 sessions per week, 90 min per session. The BCI-HK group received 1 h of BCI coupled with HK intervention, and the HK group received 1 h of HK intervention per session. Both BCI-HK and HK groups received 120 trials of robot-assisted hand grasping and knob manipulation followed by 30 min of therapist-assisted arm mobilization. The SAT group received 1.5 h of therapist-assisted arm mobilization and forearm pronation-supination movements incorporating wrist control and grasp-release functions. In all, 14 males, 7 females, mean age 54.2 years, mean stroke duration 385.1 days, with baseline FMMA score 27.0 were recruited. The primary outcome measure was upper extremity FMMA scores measured mid-intervention at week 3, end-intervention at week 6, and follow-up at weeks 12 and 24. Seven, 8 and 7 subjects underwent BCI-HK, HK and SAT interventions respectively. FMMA score improved in all groups, but no intergroup differences were found at any time points. Significantly larger motor gains were observed in the BCI-HK group compared to the SAT group at weeks 3, 12, and 24, but motor gains in the HK group did not differ from the SAT group at any time point. In conclusion, BCI-HK is effective, safe, and may have the potential for enhancing motor recovery in chronic stroke when combined with therapist-assisted arm mobilization.",Brain-computer interface-based robotic end effector system for wrist and hand rehabilitation: results of a three-armed randomized controlled trial for chronic stroke,Frontiers in Neuroengineering,10.3389/fneng.2014.00030,2014,TRUE,1,Brain-computer interface-based robotic end effector system for wrist and hand rehabilitation: results of a three-armed randomized controlled trial for chronic stroke.,Frontiers in Neuroengineering,2014,10.3389/fneng.2014.00030
One-Dimensional Local Binary Pattern and Common Spatial Pattern Feature Fusion Brain Network for Central Neuropathic Pain,TRUE,One-Dimensional Local Binary Pattern and Common Spatial Pattern Feature Fusion Brain Network for Central Neuropathic Pain.,1,,2023,10.1142/s0129065723500302,37184907,,MED,37184907,"Central neuropathic pain (CNP) after spinal cord injury (SCI) is related to the plasticity of cerebral cortex. The plasticity of cortex recorded by electroencephalogram (EEG) signal can be used as a biomarker of CNP. To analyze changes in the brain network mechanism under the combined effect of injury and pain or under the effect of pain, this paper mainly studies the changes of brain network functional connectivity in patients with neuropathic pain and without neuropathic pain after SCI. This paper has recorded the EEG with the CNP group after SCI, without the CNP group after SCI, and a healthy control group. Phase-locking value has been used to construct brain network topological connectivity maps. By comparing the brain networks of the two groups of SCI with the healthy group, it has been found that in the [Formula: see text] and [Formula: see text] frequency bands, the injury increases the functional connectivity between the frontal lobe and occipital lobes, temporal, and parietal of the patients. Furthermore, the comparison of brain networks between the group with CNP and the group without CNP after SCI has found that pain has a greater effect on the increased connectivity within the patients' frontal lobes. Motor imagery (MI) data of CNP patients have been used to extract one-dimensional local binary pattern (1D-LBP) and common spatial pattern (CSP) features, the left and right hand movements of the patients' MI have been classified. The proposed LBP-CSP feature method has achieved the highest accuracy of 98.6% and the average accuracy of 91.5%. The results of this study have great clinical significance for the neural rehabilitation and brain-computer interface of CNP patients.",One-Dimensional Local Binary Pattern and Common Spatial Pattern Feature Fusion Brain Network for Central Neuropathic Pain,International Journal of Neural Systems,10.1142/s0129065723500302,2023,TRUE,1,One-Dimensional Local Binary Pattern and Common Spatial Pattern Feature Fusion Brain Network for Central Neuropathic Pain.,International Journal of Neural Systems,2023,10.1142/s0129065723500302
Evaluation of Neurofeedback Therapy for Treatment of Central Neuropathic Pain in Paraplegic Patients Using Deep Learning,TRUE,A scoping review on the use of consumer-grade EEG devices for research.,1,,2024,10.1371/journal.pone.0291186,38446762,PMC10917334,MED,38446762,"<h4>Background</h4>Commercial electroencephalography (EEG) devices have become increasingly available over the last decade. These devices have been used in a wide variety of fields ranging from engineering to cognitive neuroscience.<h4>Purpose</h4>The aim of this study was to chart peer-review articles that used consumer-grade EEG devices to collect neural data. We provide an overview of the research conducted with these relatively more affordable and user-friendly devices. We also inform future research by exploring the current and potential scope of consumer-grade EEG.<h4>Methods</h4>We followed a five-stage methodological framework for a scoping review that included a systematic search using the Preferred Reporting Items for Systematic Reviews and Meta-Analyses Extension for Scoping Reviews (PRISMA-ScR) guidelines. We searched the following online databases: PsycINFO, MEDLINE, Embase, Web of Science, and IEEE Xplore. We charted study data according to application (BCI, experimental research, validation, signal processing, and clinical) and location of use as indexed by the first author's country.<h4>Results</h4>We identified 916 studies that used data recorded with consumer-grade EEG: 531 were reported in journal articles and 385 in conference papers. Emotiv devices were used most, followed by the NeuroSky MindWave, OpenBCI, interaXon Muse, and MyndPlay Mindband. The most common usage was for brain-computer interfaces, followed by experimental research, signal processing, validation, and clinical purposes.<h4>Conclusions</h4>Consumer-grade EEG is a useful tool for neuroscientific research and will likely continue to be used well into the future. Our study provides a comprehensive review of their application, as well as future directions for researchers who plan to use these devices.",Evaluation of Neurofeedback Therapy for Treatment of Central Neuropathic Pain in Paraplegic Patients Using Deep Learning,SN Computer Science,10.1007/s42979-023-02183-4,2023,TRUE,1,A scoping review on the use of consumer-grade EEG devices for research.,SN Computer Science,2024,10.1371/journal.pone.0291186
Effects of Brain-Computer Interface-controlled Functional Electrical Stimulation Training on Shoulder Subluxation for Patients with Stroke: A Randomized Controlled Trial,TRUE,Effects of Brain-Computer Interface-controlled Functional Electrical Stimulation Training on Shoulder Subluxation for Patients with Stroke: A Randomized Controlled Trial.,1,,2016,10.1002/oti.1422,26876690,,MED,26876690,"The purpose of this study was to investigate the effects of brain-computer interface (BCI)-controlled functional electrical stimulation (FES) training on shoulder subluxation of patients with stroke. Twenty subjects were randomly divided into two groups: the BCI-FES group (n = 10) and the FES group (n = 10). Patients in the BCI-FES group were administered conventional therapy with the BCI-FES on the shoulder subluxation area of the paretic upper extremity, five times per week during 6 weeks, while the FES group received conventional therapy with FES only. All patients were assessed for shoulder subluxation (vertical distance, VD; horizontal distance, HD), pain (visual analogue scale, VAS) and the Manual Function Test (MFT) at the time of recruitment to the study and after 6 weeks of the intervention. The BCI-FES group demonstrated significant improvements in VD, HD, VAS and MFT after the intervention period, while the FES group demonstrated significant improvements in HD, VAS and MFT. There were also significant differences in the VD and two items (shoulder flexion and abduction) of the MFT between the two groups. The results of this study suggest that BCI-FES training may be effective in improving shoulder subluxation of patients with stroke by facilitating motor recovery. Copyright © 2016 John Wiley & Sons, Ltd.",Effects of Brain–Computer Interface‐controlled Functional Electrical Stimulation Training on Shoulder Subluxation for Patients with Stroke: A Randomized Controlled Trial,Occupational Therapy International,10.1002/oti.1422,2016,TRUE,1,Effects of Brain-Computer Interface-controlled Functional Electrical Stimulation Training on Shoulder Subluxation for Patients with Stroke: A Randomized Controlled Trial.,Occupational Therapy International,2016,10.1002/oti.1422
New Approaches Based on Non-Invasive Brain Stimulation and Mental Representation Techniques Targeting Pain in Parkinson's Disease Patients,TRUE,New Approaches Based on Non-Invasive Brain Stimulation and Mental Representation Techniques Targeting Pain in Parkinson's Disease Patients: Two Study Protocols for Two Randomized Controlled Trials.,1,,2021,10.3390/brainsci11010065,33561080,PMC7825448,MED,33561080,"Pain is an under-reported but prevalent symptom in Parkinson's Disease (PD), impacting patients' quality of life. Both pain and PD conditions cause cortical excitability reduction and non-invasive brain stimulation. Mental representation techniques are thought to be able to counteract it, also resulting effectively in chronic pain conditions. We aim to conduct two independent studies in order to evaluate the efficacy of transcranial direct current stimulation (tDCS) and mental representation protocol in the management of pain in PD patients during the ON state: (1) tDCS over the Primary Motor Cortex (M1); and (2) Action Observation (AO) and Motor Imagery (MI) training through a Brain-Computer Interface (BCI) using Virtual Reality (AO + MI-BCI). Both studies will include 32 subjects in a longitudinal prospective parallel randomized controlled trial design under different blinding conditions. The main outcomes will be score changes in King's Parkinson's Disease Pain Scale, Brief Pain Inventory, Temporal Summation, Conditioned Pain Modulation, and Pain Pressure Threshold. Assessment will be performed pre-intervention, post-intervention, and 15 days post-intervention, in both ON and OFF states.",New Approaches Based on Non-Invasive Brain Stimulation and Mental Representation Techniques Targeting Pain in Parkinson’s Disease Patients: Two Study Protocols for Two Randomized Controlled Trials,Brain Sciences,10.3390/brainsci11010065,2021,TRUE,0.9025641025641026,New Approaches Based on Non-Invasive Brain Stimulation and Mental Representation Techniques Targeting Pain in Parkinson's Disease Patients: Two Study Protocols for Two Randomized Controlled Trials.,Brain Sciences,2021,10.3390/brainsci11010065
Neurofeedback Training without Explicit Phantom Hand Movements and Hand-Like Visual Feedback to Modulate Pain: A Randomized Crossover Feasibility Trial,TRUE,Neurofeedback Training without Explicit Phantom Hand Movements and Hand-Like Visual Feedback to Modulate Pain: A Randomized Crossover Feasibility Trial.,1,,2022,10.1016/j.jpain.2022.07.009,35932992,,MED,35932992,"Phantom limb pain is attributed to abnormal sensorimotor cortical representations, although the causal relationship between phantom limb pain and sensorimotor cortical representations suffers from the potentially confounding effects of phantom hand movements. We developed neurofeedback training to change sensorimotor cortical representations without explicit phantom hand movements or hand-like visual feedback. We tested the feasibility of neurofeedback training in fourteen patients with phantom limb pain. Neurofeedback training was performed in a single-blind, randomized, crossover trial using two decoders constructed using motor cortical currents measured during phantom hand movements; the motor cortical currents contralateral or ipsilateral to the phantom hand (contralateral and ipsilateral training) were estimated from magnetoencephalograms. Patients were instructed to control the size of a disk, which was proportional to the decoding results, but to not move their phantom hands or other body parts. The pain assessed by the visual analogue scale was significantly greater after contralateral training than after ipsilateral training. Classification accuracy of phantom hand movements significantly increased only after contralateral training. These results suggested that the proposed neurofeedback training changed phantom hand representation and modulated pain without explicit phantom hand movements or hand-like visual feedback, thus showing the relation between the phantom hand representations and pain. PERSPECTIVE: Our work demonstrates the feasibility of using neurofeedback training to change phantom hand representation and modulate pain perception without explicit phantom hand movements and hand-like visual feedback. The results enhance the mechanistic understanding of certain treatments, such as mirror therapy, that change the sensorimotor cortical representation.",Neurofeedback Training without Explicit Phantom Hand Movements and Hand-Like Visual Feedback to Modulate Pain: A Randomized Crossover Feasibility Trial,The Journal of Pain,10.1016/j.jpain.2022.07.009,2022,TRUE,1,Neurofeedback Training without Explicit Phantom Hand Movements and Hand-Like Visual Feedback to Modulate Pain: A Randomized Crossover Feasibility Trial.,The Journal of Pain,2022,10.1016/j.jpain.2022.07.009
BCI training to move a virtual hand reduces phantom limb pain: A randomized crossover trial,TRUE,BCI training to move a virtual hand reduces phantom limb pain: A randomized crossover trial.,1,,2020,10.1212/wnl.0000000000009858,32675074,PMC7455320,MED,32675074,"<h4>Objective</h4>To determine whether training with a brain-computer interface (BCI) to control an image of a phantom hand, which moves based on cortical currents estimated from magnetoencephalographic signals, reduces phantom limb pain.<h4>Methods</h4>Twelve patients with chronic phantom limb pain of the upper limb due to amputation or brachial plexus root avulsion participated in a randomized single-blinded crossover trial. Patients were trained to move the virtual hand image controlled by the BCI with a real decoder, which was constructed to classify intact hand movements from motor cortical currents, by moving their phantom hands for 3 days (""real training""). Pain was evaluated using a visual analogue scale (VAS) before and after training, and at follow-up for an additional 16 days. As a control, patients engaged in the training with the same hand image controlled by randomly changing values (""random training""). The 2 trainings were randomly assigned to the patients. This trial is registered at UMIN-CTR (UMIN000013608).<h4>Results</h4>VAS at day 4 was significantly reduced from the baseline after real training (mean [SD], 45.3 [24.2]-30.9 [20.6], 1/100 mm; <i>p</i> = 0.009 < 0.025), but not after random training (<i>p</i> = 0.047 > 0.025). Compared to VAS at day 1, VAS at days 4 and 8 was significantly reduced by 32% and 36%, respectively, after real training and was significantly lower than VAS after random training (<i>p</i> < 0.01).<h4>Conclusion</h4>Three-day training to move the hand images controlled by BCI significantly reduced pain for 1 week.<h4>Classification of evidence</h4>This study provides Class III evidence that BCI reduces phantom limb pain.",BCI training to move a virtual hand reduces phantom limb pain,Neurology,10.1212/wnl.0000000000009858,2020,TRUE,0.8925925925925926,BCI training to move a virtual hand reduces phantom limb pain: A randomized crossover trial.,Neurology,2020,10.1212/wnl.0000000000009858
Does feedback based on FES-evoked nociceptive withdrawal reflex condition event-related desynchronization? An exploratory study with brain-computer interfaces,TRUE,Does feedback based on FES-evoked nociceptive withdrawal reflex condition event-related desynchronization? An exploratory study with brain-computer interfaces.,1,,2021,10.1088/2057-1976/ac2077,34431480,,MED,34431480,"<i>Introduction.</i>Event-related desynchronization (ERD) is used in brain-computer interfaces (BCI) to detect the user's motor intention (MI) and convert it into a command for an actuator to provide sensory feedback or mobility, for example by means of functional electrical stimulation (FES). Recent studies have proposed to evoke the nociceptive withdrawal reflex (NWR) using FES, in order to evoke synergistic movements of the lower limb and to facilitate the gait rehabilitation of stroke patients. The use of NWR to provide sensorimotor feedback in ERD-based BCI is novel; thererfore, the conditioning effect that nociceptive stimuli might have on MI is still unknown.<i>Objetive.</i>To assess the ERD produced during the MI after FES-evoked NWR, in order to evaluate if nociceptive stimuli condition subsequent ERDs.<i>Methods</i>. Data from 528 electroencephalography trials of 8 healthy volunteers were recorded and analyzed. Volunteers used an ERD-based BCI, which provided two types of feedback: intrisic by the FES-evoked NWR and extrinsic by virtual reality. The electromyogram of the tibialis anterior muscle was also recorded. The main outcome variables were the normalized root mean square of the evoked electromyogram (<i>RMS</i><sub><i>norm</i></sub>), the average electroencephalogram amplitude at the ERD frequency during MI (A¯MI) and the percentage decrease ofA¯MIrelative to rest (ERD%) at the first MI subsequent to the activation of the BCI.<i>Results.</i>No evidence of changes of the<i>RMS</i><sub><i>norm</i></sub>on both theA¯MI(p = 0.663) and theERD%(p = 0.252) of the subsequent MI was detected. A main effect of the type of feedback was found in the subsequentA¯MI(p < 0.001), with intrinsic feedback resulting in a largerA¯MI.<i>Conclusions.</i>No evidence of ERD conditioning was observed using BCI feedback based on FES-evoked NWR .<i>Significance.</i>FES-evoked NWR could constitute a potential feedback modality in an ERD-based BCI to facilitate motor recovery of stroke people.",Does feedback based on FES-evoked nociceptive withdrawal reflex condition event-related desynchronization? An exploratory study with brain-computer interfaces,Biomedical Physics &amp; Engineering Express,10.1088/2057-1976/ac2077,2021,TRUE,1,Does feedback based on FES-evoked nociceptive withdrawal reflex condition event-related desynchronization? An exploratory study with brain-computer interfaces.,Biomedical Physics &amp; Engineering Express,2021,10.1088/2057-1976/ac2077
EEG-based brain-computer interface with immersive virtual reality for phantom limb pain: a single-center pilot neurofeedback trial,TRUE,EEG-based brain-computer interface with immersive virtual reality for phantom limb pain: a single-center pilot neurofeedback trial.,1,,2026,10.3389/fnhum.2026.1697837,42022239,PMC13095819,MED,42022239,"<h4>Background</h4>Phantom limb pain (PLP) is a challenging neuropathic pain condition following limb amputation or brachial plexus injury. Non-pharmacological interventions such as motor imagery training, phantom motor execution and mirror therapy have shown potential to alleviate PLP by engaging sensorimotor circuits, but their effects are debated. We developed GHOST, a portable EEG-based brain-computer interface (BCI) coupled with immersive virtual reality (VR), allowing patients to control a virtual limb via motor imagery in real time, as a neurofeedback-based rehabilitation tool.<h4>Methods</h4>We conducted a single-center exploratory pilot trial to assess the feasibility and preliminary efficacy of this device. Seven patients with chronic upper-limb PLP (amputees or brachial plexus avulsion, pain ≥3/10) underwent 10 training sessions over 2 weeks. Daily pain diaries (distinguishing continuous pain vs. paroxysmal pain episodes) were recorded for 1 month before and 1 month after the intervention, with follow-up to 6 months. Motor imagery ability, anxiety-depression (HADS), and quality of life (SF-36) were also evaluated.<h4>Results</h4>Six patients completed ≥8 sessions. All participants achieved BCI control of the virtual hand, with high success rates (>70%) even as task difficulty increased, demonstrating system feasibility. No adverse events occurred. Compared to baseline, patients experienced a significant short-term reduction in paroxysmal pain (frequency and intensity of pain ""flare-ups""), with up to >80% median decrease in weekly cumulated pain episode intensity (<i>p</i> < 0.001). Three of five patients also reported around 30% improvement in average daily pain during the first post-training month. HADS anxiety/depression scores showed a non-significant improving trend. By 3-6 months post-training, pain levels had largely returned to pre-intervention values.<h4>Conclusion</h4>This pilot study supports the safety and feasibility of EEG-BCI with VR for PLP and suggests that it can yield short-term analgesic effects, particularly on paroxysmal pain. These findings support the hypothesis that sensorimotor re-engagement could effectively target maladaptive neural processes underlying PLP, while warranting confirmation in controlled trials. Future work will optimize the training protocol and investigate neuroplastic changes associated with this BCI-VR intervention.",EEG-based brain–computer interface with immersive virtual reality for phantom limb pain: a single-center pilot neurofeedback trial,Frontiers in Human Neuroscience,10.3389/fnhum.2026.1697837,2026,TRUE,1,EEG-based brain-computer interface with immersive virtual reality for phantom limb pain: a single-center pilot neurofeedback trial.,Frontiers in Human Neuroscience,2026,10.3389/fnhum.2026.1697837
Single-session communication with a locked-in patient by functional near-infrared spectroscopy,TRUE,Single-session communication with a locked-in patient by functional near-infrared spectroscopy.,1,,2017,10.1117/1.nph.4.4.040501,29296627,PMC5741990,MED,29296627,"There is a growing interest in the possibility of using functional neuroimaging techniques to aid in detecting covert awareness in patients who are thought to be suffering from a disorder of consciousness. Immerging optical techniques such as time-resolved functional near-infrared spectroscopy (TR-fNIRS) are ideal for such applications due to their low-cost, portability, and enhanced sensitivity to brain activity. The aim of this case study was to investigate for the first time the ability of TR-fNIRS to detect command driven motor imagery (MI) activity in a functionally locked-in patient suffering from Guillain-Barré syndrome. In addition, the utility of using TR-fNIRS as a brain-computer interface (BCI) was also assessed by instructing the patient to perform an MI task as affirmation to three questions: (1) confirming his last name, (2) if he was in pain, and (3) if he felt safe. At the time of this study, the patient had regained limited eye movement, which provided an opportunity to accurately validate a BCI after the fNIRS study was completed. Comparing the two sets of responses showed that fNIRS provided the correct answers to all of the questions. These promising results demonstrate for the first time the potential of using an MI paradigm in combination with fNIRS to communicate with functionally locked-in patients without the need for prior training.",Single-session communication with a locked-in patient by functional near-infrared spectroscopy,Neurophotonics,10.1117/1.nph.4.4.040501,2017,TRUE,1,Single-session communication with a locked-in patient by functional near-infrared spectroscopy.,Neurophotonics,2017,10.1117/1.nph.4.4.040501
Activation of a Rhythmic Lower Limb Movement Pattern during the Use of a Multimodal Brain-Computer Interface: A Case Study of a Clinically Complete Spinal Cord Injury,TRUE,Activation of a Rhythmic Lower Limb Movement Pattern during the Use of a Multimodal Brain-Computer Interface: A Case Study of a Clinically Complete Spinal Cord Injury.,1,,2024,10.3390/life14030396,38541720,PMC10971604,MED,38541720,"Brain-computer interfaces (BCIs) that integrate virtual reality with tactile feedback are increasingly relevant for neurorehabilitation in spinal cord injury (SCI). In our previous case study employing a BCI-based virtual reality neurorehabilitation protocol, a patient with complete T4 SCI experienced reduced pain and emergence of non-spastic lower limb movements after 10 sessions. However, it is still unclear whether these effects can be sustained, enhanced, and replicated, as well as the neural mechanisms that underlie them. The present report outlines the outcomes of extending the previous protocol with 24 more sessions (14 months, in total). Clinical, behavioral, and neurophysiological data were analyzed. The protocol maintained or reduced pain levels, increased self-reported quality of life, and was frequently associated with the appearance of non-spastic lower limb movements when the patient was engaged and not experiencing stressful events. Neural activity analysis revealed that changes in pain were encoded in the theta frequency band by the left frontal electrode F3. Examination of the lower limbs revealed alternating movements resembling a gait pattern. These results suggest that sustained use of this BCI protocol leads to enhanced quality of life, reduced and stable pain levels, and may result in the emergence of rhythmic patterns of lower limb muscle activity reminiscent of gait.",Activation of a Rhythmic Lower Limb Movement Pattern during the Use of a Multimodal Brain–Computer Interface: A Case Study of a Clinically Complete Spinal Cord Injury,Life,10.3390/life14030396,2024,TRUE,1,Activation of a Rhythmic Lower Limb Movement Pattern during the Use of a Multimodal Brain-Computer Interface: A Case Study of a Clinically Complete Spinal Cord Injury.,Life,2024,10.3390/life14030396
DiSCIoser: unlocking recovery potential of arm sensorimotor functions after spinal cord injury by promoting activity-dependent brain plasticity by means of brain-computer interface technology,TRUE,DiSCIoser: unlocking recovery potential of arm sensorimotor functions after spinal cord injury by promoting activity-dependent brain plasticity by means of brain-computer interface technology: a randomized controlled trial to test efficacy.,1,,2023,10.1186/s12883-023-03442-w,37990160,PMC10662594,MED,37990160,"<h4>Background</h4>Traumatic cervical spinal cord injury (SCI) results in reduced sensorimotor abilities that strongly impact on the achievement of daily living activities involving hand/arm function. Among several technology-based rehabilitative approaches, Brain-Computer Interfaces (BCIs) which enable the modulation of electroencephalographic sensorimotor rhythms, are promising tools to promote the recovery of hand function after SCI. The ""DiSCIoser"" study proposes a BCI-supported motor imagery (MI) training to engage the sensorimotor system and thus facilitate the neuroplasticity to eventually optimize upper limb sensorimotor functional recovery in patients with SCI during the subacute phase, at the peak of brain and spinal plasticity. To this purpose, we have designed a BCI system fully compatible with a clinical setting whose efficacy in improving hand sensorimotor function outcomes in patients with traumatic cervical SCI will be assessed and compared to the hand MI training not supported by BCI.<h4>Methods</h4>This randomized controlled trial will include 30 participants with traumatic cervical SCI in the subacute phase randomly assigned to 2 intervention groups: the BCI-assisted hand MI training and the hand MI training not supported by BCI. Both interventions are delivered (3 weekly sessions; 12 weeks) as add-on to standard rehabilitation care. A multidimensional assessment will be performed at: randomization/pre-intervention and post-intervention. Primary outcome measure is the Graded Redefined Assessment of Strength, Sensibility and Prehension (GRASSP) somatosensory sub-score. Secondary outcome measures include the motor and functional scores of the GRASSP and other clinical, neuropsychological, neurophysiological and neuroimaging measures.<h4>Discussion</h4>We expect the BCI-based intervention to promote meaningful cortical sensorimotor plasticity and eventually maximize recovery of arm functions in traumatic cervical subacute SCI. This study will generate a body of knowledge that is fundamental to drive optimization of BCI application in SCI as a top-down therapeutic intervention, thus beyond the canonical use of BCI as assistive tool.<h4>Trial registration</h4>Name of registry: DiSCIoser: improving arm sensorimotor functions after spinal cord injury via brain-computer interface training (DiSCIoser).<h4>Trial registration number</h4>NCT05637775; registration date on the ClinicalTrial.gov platform: 05-12-2022.",DiSCIoser: unlocking recovery potential of arm sensorimotor functions after spinal cord injury by promoting activity-dependent brain plasticity by means of brain-computer interface technology: a randomized controlled trial to test efficacy,BMC Neurology,10.1186/s12883-023-03442-w,2023,TRUE,0.9338959212376934,DiSCIoser: unlocking recovery potential of arm sensorimotor functions after spinal cord injury by promoting activity-dependent brain plasticity by means of brain-computer interface technology: a randomized controlled trial to test efficacy.,BMC Neurology,2023,10.1186/s12883-023-03442-w
The influence of central neuropathic pain in paraplegic patients on performance of a motor imagery based Brain Computer Interface,TRUE,The influence of central neuropathic pain in paraplegic patients on performance of a motor imagery based Brain Computer Interface.,1,,2015,10.1016/j.clinph.2014.12.033,25698307,PMC4634336,MED,25698307,"<h4>Objective</h4>The aim of this study was to test how the presence of central neuropathic pain (CNP) influences the performance of a motor imagery based Brain Computer Interface (BCI).<h4>Methods</h4>In this electroencephalography (EEG) based study, we tested BCI classification accuracy and analysed event related desynchronisation (ERD) in 3 groups of volunteers during imagined movements of their arms and legs. The groups comprised of nine able-bodied people, ten paraplegic patients with CNP (lower abdomen and legs) and nine paraplegic patients without CNP. We tested two types of classifiers: a 3 channel bipolar montage and classifiers based on common spatial patterns (CSPs), with varying number of channels and CSPs.<h4>Results</h4>Paraplegic patients with CNP achieved higher classification accuracy and had stronger ERD than paraplegic patients with no pain for all classifier configurations. Highest 2-class classification accuracy was achieved for CSP classifier covering wider cortical area: 82±7% for patients with CNP, 82±4% for able-bodied and 78±5% for patients with no pain.<h4>Conclusion</h4>Presence of CNP improves BCI classification accuracy due to stronger and more distinct ERD.<h4>Significance</h4>Results of the study show that CNP is an important confounding factor influencing the performance of motor imagery based BCI based on ERD.",The influence of central neuropathic pain in paraplegic patients on performance of a motor imagery based Brain Computer Interface,Clinical Neurophysiology,10.1016/j.clinph.2014.12.033,2015,TRUE,1,The influence of central neuropathic pain in paraplegic patients on performance of a motor imagery based Brain Computer Interface.,Clinical Neurophysiology,2015,10.1016/j.clinph.2014.12.033
"Motor imagery in spinal cord injured people is modulated by somatotopic coding, perspective taking, and post-lesional chronic pain",TRUE,"Motor imagery in spinal cord injured people is modulated by somatotopic coding, perspective taking, and post-lesional chronic pain.",1,,2017,10.1111/jnp.12098,26800319,,MED,26800319,"Motor imagery (MI) allows one to mentally represent an action without necessarily performing it. Importantly, however, MI is profoundly influenced by the ability to actually execute actions, as demonstrated by the impairment of this ability as a consequence of lesions in motor cortices, limb amputations, movement limiting chronic pain, and spinal cord injury. Understanding MI and its deficits in patients with motor limitations is fundamentally important as development of some brain-computer interfaces and daily life strategies for coping with motor disorders are based on this ability. We explored MI in a large sample of patients with spinal cord injury (SCI) using a comprehensive battery of questionnaires to assess the ability to imagine actions from a first-person or a third-person perspective and also imagine the proprioceptive components of actions. Moreover, we correlated MI skills with personality measures and clinical variables such as the level and completeness of the lesion and the presence of chronic pain. We found that the MI deficits (1) concerned the body parts affected by deafferentation and deefferentation, (2) were present in first- but not in third-person perspectives, and (3) were more altered in the presence of chronic pain. MI is thus closely related to bodily perceptions and representations. Every attempt to devise tools and trainings aimed at improving autonomy needs to consider the cognitive changes due to the body-brain disconnection.","Motor imagery in spinal cord injured people is modulated by somatotopic coding, perspective taking, and post‐lesional chronic pain",Journal of Neuropsychology,10.1111/jnp.12098,2016,TRUE,1,"Motor imagery in spinal cord injured people is modulated by somatotopic coding, perspective taking, and post-lesional chronic pain.",Journal of Neuropsychology,2017,10.1111/jnp.12098
Decoding of Pain Perception using EEG Signals for a Real-Time Reflex System in Prostheses: A Case Study,TRUE,Decoding of Pain Perception using EEG Signals for a Real-Time Reflex System in Prostheses: A Case Study.,1,,2020,10.1038/s41598-020-62525-7,32221336,PMC7101312,MED,32221336,"In recent times, we have witnessed a push towards restoring sensory perception to upper-limb amputees, which includes the whole spectrum from gentle touch to noxious stimuli. These are essential components for body protection as well as for restoring the sense of embodiment. Notwithstanding the considerable advances that have been made in designing suitable sensors and restoring tactile perceptions, pain perception dynamics and its decoding using effective bio-markers, are still not fully understood. Here, using electroencephalography (EEG) recordings, we identified and validated a spatio-temporal signature of brain activity during innocuous, moderately more intense, and noxious stimulation of an amputee's phantom limb using transcutaneous nerve stimulation (TENS). Based on the spatio-temporal EEG features, we developed a system for detecting pain perception and reaction in the brain, which successfully classified three different stimulation conditions with a test accuracy of 94.66%, and we investigated the cortical activity in response to sensory stimuli in these conditions. Our findings suggest that the noxious stimulation activates the pre-motor cortex with the highest activation shown in the central cortex (Cz electrode) between 450 ms and 750 ms post-stimulation, whereas the highest activation for the moderately intense stimulation was found in the parietal lobe (P2, P4, and P6 electrodes). Further, we localized the cortical sources and observed early strong activation of the anterior cingulate cortex (ACC) corresponding to the noxious stimulus condition. Moreover, activation of the posterior cingulate cortex (PCC) was observed during the noxious sensation. Overall, although this is a single case study, this work presents a novel approach and a first attempt to analyze and classify neural activity when restoring sensory perception to amputees, which could chart a route ahead for designing a real-time pain reaction system in upper-limb prostheses.",Decoding of Pain Perception using EEG Signals for a Real-Time Reflex System in Prostheses: A Case Study,Scientific Reports,10.1038/s41598-020-62525-7,2020,TRUE,1,Decoding of Pain Perception using EEG Signals for a Real-Time Reflex System in Prostheses: A Case Study.,Scientific Reports,2020,10.1038/s41598-020-62525-7
Movement-related cortical potentials in paraplegic patients: Abnormal patterns and considerations for BCI-rehabilitation,TRUE,Movement-related cortical potentials in paraplegic patients: abnormal patterns and considerations for BCI-rehabilitation.,1,,2014,10.3389/fneng.2014.00035,25221505,PMC4145578,MED,25221505,"Non-invasive EEG-based Brain-Computer Interfaces (BCI) can be promising for the motor neuro-rehabilitation of paraplegic patients. However, this shall require detailed knowledge of the abnormalities in the EEG signatures of paraplegic patients. The association of abnormalities in different subgroups of patients and their relation to the sensorimotor integration are relevant for the design, implementation and use of BCI systems in patient populations. This study explores the patterns of abnormalities of movement related cortical potentials (MRCP) during motor imagery tasks of feet and right hand in patients with paraplegia (including the subgroups with/without central neuropathic pain (CNP) and complete/incomplete injury patients) and the level of distinctiveness of abnormalities in these groups using pattern classification. The most notable observed abnormalities were the amplified execution negativity and its slower rebound in the patient group. The potential underlying mechanisms behind these changes and other minor dissimilarities in patients' subgroups, as well as the relevance to BCI applications, are discussed. The findings are of interest from a neurological perspective as well as for BCI-assisted neuro-rehabilitation and therapy.",Movement-related cortical potentials in paraplegic patients: abnormal patterns and considerations for BCI-rehabilitation,Frontiers in Neuroengineering,10.3389/fneng.2014.00035,2014,TRUE,1,Movement-related cortical potentials in paraplegic patients: abnormal patterns and considerations for BCI-rehabilitation.,Frontiers in Neuroengineering,2014,10.3389/fneng.2014.00035
QCBO-WSVM: Quantum Chaos Butterfly Optimization-Based Weighted Support Vector Machine for Neuropathic Pain Detection from EEG Signal,FALSE,NA,NA,NA,NA,NA,NA,NA,NA,NA,NA,<scp>QCBO‐WSVM</scp> : Quantum chaos butterfly optimization‐based weighted support vector machine for neuropathic pain detection from <scp>EEG</scp> signal,International Journal of Imaging Systems and Technology,10.1002/ima.22882,2023,TRUE,0.8161361236606601,<scp>QCBO‐WSVM</scp> : Quantum chaos butterfly optimization‐based weighted support vector machine for neuropathic pain detection from <scp>EEG</scp> signal,International Journal of Imaging Systems and Technology,2023,10.1002/ima.22882
